Well_Name,Best_Model,Model_RMSE,Model_R_Squared,Parameters,Total_12_Month_Forecast,Average_Monthly_Forecast
Well_1,Exponential,29.525913599569165,0.9725306775339317,"{'qi': np.float64(1069.8193006336571), 'd': np.float64(0.035745824066845955)}",4348.149685676028,362.345807139669
Well_2,Exponential,21.264052063341104,0.9768236962571045,"{'qi': np.float64(1242.221707719665), 'd': np.float64(0.020497001572457384)}",7997.680527810945,666.4733773175788
Well_3,Exponential,39.57686120104644,0.9696436231624618,"{'qi': np.float64(1005.9112955830162), 'd': np.float64(0.06441802416538768)}",1734.3855116973798,144.53212597478165
Well_4,Exponential,38.792871399886714,0.9353239827937259,"{'qi': np.float64(1563.5460457347879), 'd': np.float64(0.016698783513616217)}",11293.315686899983,941.1096405749986
Well_5,Exponential,38.32203304504931,0.9673603708165467,"{'qi': np.float64(937.3351358017615), 'd': np.float64(0.06440859554864316)}",1616.6001992862384,134.7166832738532
